URL,المدينة,الاستهداف الأساسي,صيغ مساندة للاستهداف وليست بيانات حجم بحث,Title,H1,Meta description
https://salehmakkah.com/gallery.html,مكة,نماذج للأعمال والخدمات | معلم دهانات وديكورات مكة وجدة,صفحة داعمة أو صفحة مدينة,نماذج للأعمال والخدمات | معلم دهانات وديكورات مكة وجدة,نماذج للأعمال والخدمات,نماذج للأعمال والخدمات التي يقدمها معلم دهانات وديكورات مكة وجدة في مكة، تشمل الترميم والدهانات الداخلية والخارجية والجبس بورد والديكورات والتشطيبات.
https://salehmakkah.com/,مكة,دهانات وترميم وتشطيبات في مكة,صفحة داعمة أو صفحة مدينة,معلم دهانات وترميم وتشطيبات في مكة | صالح,دهانات وترميم وتشطيبات في مكة,صالح للدهانات الداخلية والخارجية وترميم المنازل والجبس بورد والديكورات والتشطيبات في مكة. تواصل مباشرة لتقييم مبدئي مجاني، واستقبال مشاريع جدة حسب التوفر.
https://salehmakkah.com/about.html,مكة,عن صالح | معلم دهانات وديكورات مكة وجدة,صفحة داعمة أو صفحة مدينة,عن صالح | معلم دهانات وديكورات مكة وجدة,خبرة بُنيت من العمل... مو من الكلام.,تعرف على صالح، المشرف على معلم دهانات وديكورات مكة وجدة، وخبرته التي تقارب 10 سنوات في ترميم وتشطيب المنازل والدهانات والجبس بورد والديكورات، وطريقة العمل والتواصل المباشر.
https://salehmakkah.com/guides/gypsum-board-ceilings-makkah-guide.html,مكة,جبس بورد مكة | دليل الأسقف والجدران والفواصل,صفحة داعمة أو صفحة مدينة,جبس بورد مكة | دليل الأسقف والجدران والفواصل,قبل تركيب الجبس بورد: ما الذي يجب تحديده؟,دليل مبسط قبل تركيب جبس بورد في مكة: اختيار الأسقف أو الجدران والفواصل، مراعاة الإضاءة والمساحة والتصميم قبل التنفيذ.
https://salehmakkah.com/guides/prepare-walls-before-painting-makkah.html,مكة,تجهيز الجدران قبل الدهان في مكة | خطوات مهمة قبل البوية,صفحة داعمة أو صفحة مدينة,تجهيز الجدران قبل الدهان في مكة | خطوات مهمة قبل البوية,تجهيز الجدران قبل الدهان: لماذا يفرق في النتيجة؟,دليل عملي لفهم تجهيز الجدران قبل الدهان: فحص السطح، معالجة العيوب الظاهرة، التسوية والتنظيف قبل طبقات البوية النهائية.
https://salehmakkah.com/guides/renovation-home-makkah-guide.html,مكة,ترميم المنازل في مكة | متى يحتاج المنزل إلى تجديد؟,صفحة داعمة أو صفحة مدينة,ترميم المنازل في مكة | متى يحتاج المنزل إلى تجديد؟,متى يحتاج المنزل إلى ترميم أو تجديد؟,دليل لأعمال ترميم المنازل في مكة: كيف تحدد نطاق التجديد، وما الفرق بين ترميم التشطيبات وتجديد الدهانات والجبس والديكور.
https://salehmakkah.com/guides/interior-finishing-decor-makkah-guide.html,مكة,تشطيبات وديكورات مكة | تنسيق الدهان والجبس والديكور,صفحة داعمة أو صفحة مدينة,تشطيبات وديكورات مكة | تنسيق الدهان والجبس والديكور,كيف تنسق الدهان والجبس والديكور في مساحة واحدة؟,دليل لتنسيق التشطيبات والديكورات في مكة بين الدهانات والجبس بورد والتفاصيل الداخلية للمجالس والصالات والغرف.
https://salehmakkah.com/services/gypsum-board-makkah.html,مكة,معلم جبس بورد في مكة,معلم جبس، جبسمبورد، أسقف جبس، فواصل وجدران,معلم جبس بورد مكة | أسقف وجدران وديكورات جبس,معلم جبس بورد في مكة,معلم جبس بورد في مكة لتركيب أسقف وجدران وفواصل وديكورات جبسية للمنازل والشقق والفلل، مع تقييم مبدئي للمكان والتصميم عبر واتساب.
https://salehmakkah.com/services/renovation-makkah.html,مكة,مقاول ترميم في مكة,ترميم شقق وفلل، تجديد منزل، ترميم تشطيبات,مقاول ترميم مكة | ترميم منازل وشقق وفلل | صالح,مقاول ترميم في مكة,ترميم وتجديد منازل وشقق وفلل في مكة ضمن تجهيز الجدران والدهانات والجبس والتشطيبات. أرسل صور المكان لصالح لتقييم مبدئي مجاني وتحديد نطاق العمل.
https://salehmakkah.com/services/decor-makkah.html,مكة,ديكورات داخلية في مكة للمجالس والصالات,معلم ديكور، ديكورات مجالس وصالات، تجديد ديكور,ديكورات مكة | معلم ديكور مجالس وصالات ومنازل | صالح,ديكورات داخلية في مكة للمجالس والصالات,ديكورات داخلية للمجالس والصالات والمنازل في مكة مع صالح: تنسيق الدهانات والجبس وتجديد التشطيبات. أرسل صور المكان والاتجاه المطلوب لتقييم مبدئي مجاني.
https://salehmakkah.com/services/painting-makkah.html,مكة,معلم دهانات في مكة,معلم بوية، دهان، صباغ، دهان شقق وفلل,معلم دهانات مكة | معلم بوية ودهان شقق وفلل | صالح,معلم دهانات في مكة,معلم دهانات وبوية في مكة لدهان الشقق والفلل وتجهيز الجدران. خدمات دهانات داخلية وخارجية وصفحات متخصصة لكل طلب؛ أرسل الصور لصالح لتقييم مبدئي مجاني.
https://salehmakkah.com/services/jeddah.html,جدة,دهانات وترميم وجبس وديكورات وتشطيبات في جدة,صفحة داعمة أو صفحة مدينة,دهانات وترميم وجبس وديكورات وتشطيبات جدة | صالح,دهانات وترميم وجبس وديكورات وتشطيبات في جدة,خدمات صالح في جدة: دهانات داخلية وخارجية، ترميم منازل وشقق، جبس بورد، ديكورات وتشطيبات. تقييم مبدئي مجاني بالصور والتنفيذ حسب نوع المشروع والتوفر.
https://salehmakkah.com/services/interior-painting-makkah.html,مكة,دهانات داخلية في مكة للشقق والمجالس والغرف,بوية داخلية، دهان شقة، دهان مجلس، دهان غرف وأسقف,دهانات داخلية مكة | دهان شقق ومجالس وبوية منازل | صالح,دهانات داخلية في مكة للشقق والمجالس والغرف,دهانات داخلية وبوية شقق وفلل في مكة مع تجهيز الجدران والأسقف وتنسيق ألوان الغرف والمجالس. أرسل الصور لصالح لتقييم مبدئي مجاني وتحديد نطاق الدهان.
https://salehmakkah.com/services/exterior-painting-makkah.html,مكة,دهانات خارجية ودهان واجهات في مكة,دهان واجهة، بوية خارجية، دهانات واجهات فلل,دهانات خارجية مكة | دهان واجهات منازل وفلل | صالح,دهانات خارجية ودهان واجهات في مكة,دهان واجهات ودهانات خارجية للمنازل والفلل في مكة، مع تقييم السطح والتقشر وإمكانية الوصول قبل التسعير. تواصل مع صالح لتحديد نطاق العمل والمواد.
https://salehmakkah.com/services/finishing-makkah.html,مكة,تشطيبات شقق وفلل ومنازل في مكة,مقاول تشطيب، تشطيب شقق وفلل، تشطيبات داخلية,تشطيبات مكة | مقاول تشطيب شقق وفلل ومنازل | صالح,تشطيبات شقق وفلل ومنازل في مكة,صالح لتشطيبات المنازل في مكة ضمن أعمال الدهانات والجبس والديكور وتجديد التشطيبات. حدد نطاق مشروعك ومراحله واحصل على تقييم مبدئي عبر واتساب.
https://salehmakkah.com/services/painting-jeddah.html,جدة,معلم دهانات وبوية في جدة,معلم بوية، دهان، صباغ، دهان شقق وفلل,معلم دهانات جدة | معلم بوية ودهان شقق وفلل | صالح,معلم دهانات وبوية في جدة,دهانات وبوية شقق وفلل في جدة، داخلية وخارجية مع تقييم تجهيز الجدران والواجهات. استقبال المشاريع حسب نوع العمل والتوفر وتقييم مبدئي مجاني مع صالح.
https://salehmakkah.com/services/interior-painting-jeddah.html,جدة,دهانات داخلية وبوية شقق في جدة,بوية داخلية، دهان شقة، دهان مجلس، دهان غرف وأسقف,دهانات داخلية جدة | بوية شقق ومجالس وغرف | صالح,دهانات داخلية وبوية شقق في جدة,دهان داخلي للجدران والأسقف والمجالس والشقق في جدة مع تقييم حالة البوية والتجهيز. أرسل صور الغرف لصالح؛ التنفيذ حسب نوع المشروع والتوفر.
https://salehmakkah.com/services/exterior-painting-jeddah.html,جدة,دهان واجهات ودهانات خارجية في جدة,دهان واجهة، بوية خارجية، دهانات واجهات فلل,دهانات خارجية جدة | دهان واجهات فلل ومنازل | صالح,دهان واجهات ودهانات خارجية في جدة,تقييم دهان واجهات منازل وفلل في جدة وتجديد البوية الخارجية بحسب حالة السطح والارتفاع والمواد. أرسل صور الواجهة لصالح لتحديد التوفر ونطاق التنفيذ.
https://salehmakkah.com/services/renovation-jeddah.html,جدة,مقاول ترميم منازل وشقق وفلل في جدة,ترميم شقق وفلل، تجديد منزل، ترميم تشطيبات,مقاول ترميم جدة | ترميم منازل وشقق وفلل | صالح,مقاول ترميم منازل وشقق وفلل في جدة,صالح لتقييم ترميم وتجديد المنازل والشقق والفلل في جدة ضمن الجدران والدهانات والجبس والتشطيبات. استقبال المشاريع حسب النوع والتوفر؛ أرسل الصور.
https://salehmakkah.com/services/gypsum-board-jeddah.html,جدة,معلم جبس بورد في جدة للأسقف والجدران,معلم جبس، جبسمبورد، أسقف جبس، فواصل وجدران,معلم جبس بورد جدة | أسقف وجدران وفواصل جبس | صالح,معلم جبس بورد في جدة للأسقف والجدران,جبس بورد وديكورات جبس للمجالس والصالات والغرف في جدة. أرسل صور السقف والمقاسات لصالح لتقييم التصميم ونطاق العمل؛ التنفيذ حسب النوع والتوفر.
https://salehmakkah.com/services/decor-jeddah.html,جدة,ديكورات داخلية للمجالس والصالات في جدة,معلم ديكور، ديكورات مجالس وصالات، تجديد ديكور,ديكورات جدة | معلم ديكور مجالس وصالات ومنازل | صالح,ديكورات داخلية للمجالس والصالات في جدة,صالح لتجديد ديكورات المنازل والمجالس والصالات في جدة بتنسيق الدهانات والجبس والتفاصيل الداخلية. أرسل صور المكان والاتجاه المطلوب؛ التنفيذ حسب التوفر.
https://salehmakkah.com/services/finishing-jeddah.html,جدة,تشطيبات شقق وفلل ومنازل في جدة,مقاول تشطيب، تشطيب شقق وفلل، تشطيبات داخلية,تشطيبات جدة | مقاول تشطيب شقق وفلل | صالح,تشطيبات شقق وفلل ومنازل في جدة,تنسيق تشطيبات الدهانات والجبس والديكور وتجديد المنازل في جدة مع صالح. أرسل الأعمال المتبقية وصور المرحلة الحالية لتقييم المشروع حسب النوع والتوفر.
